{
    "modal_properties": [
        {
            "mode": 1,
            "period": 0.3236313851851309,
            "mpr_x": 0.0,
            "mpr_z": 0.8264944980460841,
            "gamma_x": 0,
            "gamma_z": -804.3889383995557,
            "phi_x": [
                -1.7919295147386162e-17,
                -4.770680903380797e-17,
                -7.061537239253773e-17,
                -8.234155117737515e-17
            ],
            "phi_z": [
                -0.0003224847579403697,
                -0.0008961640051943606,
                -0.001339500591866331,
                -0.0015517753771341688
            ],
            "M_star_x": 0,
            "M_star_z": 647041.5642195643
        },
        {
            "mode": 2,
            "period": 0.2705488858357427,
            "mpr_x": 0.8393980083266455,
            "mpr_z": 0.0,
            "gamma_x": 810.6438150617844,
            "gamma_z": 0,
            "phi_x": [
                0.0003499201455814827,
                0.0009210935743255033,
                0.0013417021337671113,
                0.001529167388907206
            ],
            "phi_z": [
                -7.44105926922206e-20,
                1.2821684686604707e-19,
                1.3855470185077751e-19,
                -3.329192123791152e-20
            ],
            "M_star_x": 657143.3948979243,
            "M_star_z": 0
        },
        {
            "mode": 3,
            "period": 0.15307029192768207,
            "mpr_x": 0.0,
            "mpr_z": 0.0,
            "gamma_x": 0,
            "gamma_z": 0,
            "phi_x": [
                -4.353380588384948e-18,
                -8.472107146045936e-18,
                -1.213599424427331e-17,
                -1.8461514679437713e-17
            ],
            "phi_z": [
                9.288791435317445e-19,
                5.2571496772972766e-18,
                9.693002619679416e-18,
                1.3253635596184059e-17
            ],
            "M_star_x": 0,
            "M_star_z": 0
        },
        {
            "mode": 4,
            "period": 0.08098625448587744,
            "mpr_x": 0.0,
            "mpr_z": 0.10567223010104765,
            "gamma_x": 0,
            "gamma_z": 287.6249411052079,
            "phi_x": [
                -9.301116168048612e-18,
                -1.499057537690261e-17,
                -7.090675144123427e-18,
                6.256514915002886e-18
            ],
            "phi_z": [
                0.001004935065918234,
                0.0014984282361762357,
                0.0002954657730369881,
                -0.0013292453916720363
            ],
            "M_star_x": 0,
            "M_star_z": 82728.1067457743
        },
        {
            "mode": 5,
            "period": 0.07190266764140814,
            "mpr_x": 0.10213188154656376,
            "mpr_z": 0.0,
            "gamma_x": 282.76572940249844,
            "gamma_z": 0,
            "phi_x": [
                0.001079397270238104,
                0.0014794235585461836,
                0.00019629773755533027,
                -0.0013103624176737274
            ],
            "phi_z": [
                -2.2287736547383873e-19,
                1.891243873465661e-19,
                2.921348183007864e-19,
                -3.5961737497998337e-20
            ],
            "M_star_x": 79956.45772452698,
            "M_star_z": 0
        },
        {
            "mode": 6,
            "period": 0.04772481174252636,
            "mpr_x": 0.0,
            "mpr_z": 0.0,
            "gamma_x": 0,
            "gamma_z": 0,
            "phi_x": [
                -5.348528661099285e-18,
                1.245541097545009e-18,
                8.459426739003765e-18,
                -6.56779693488007e-18
            ],
            "phi_z": [
                3.148494823658135e-18,
                2.5924463871964945e-18,
                -1.5570629894243596e-18,
                -5.3475982214255207e-20
            ],
            "M_star_x": 0,
            "M_star_z": 0
        },
        {
            "mode": 7,
            "period": 0.0419601909046484,
            "mpr_x": 0.0,
            "mpr_z": 0.04852849711186692,
            "gamma_x": 0,
            "gamma_z": 194.9146701143966,
            "phi_x": [
                8.761618070331418e-18,
                1.4377173925540738e-18,
                -9.58083762504069e-18,
                1.815251598696142e-18
            ],
            "phi_z": [
                0.0014467101020962905,
                0.0001230718713958557,
                -0.0014778654472059568,
                0.0009039756163295562
            ],
            "M_star_x": 0,
            "M_star_z": 37991.72862580407
        },
        {
            "mode": 8,
            "period": 0.03958667879155921,
            "mpr_x": 0.041781425310370185,
            "mpr_z": 0.0,
            "gamma_x": -180.85800332958232,
            "gamma_z": 0,
            "phi_x": [
                -0.0014322107406525035,
                2.5771719732020186e-06,
                0.0014632240351840262,
                -0.000957661827266809
            ],
            "phi_z": [
                2.4060454139850863e-19,
                -9.369775976027229e-20,
                -1.4473224988202734e-19,
                -1.3783154624461895e-20
            ],
            "M_star_x": 32709.6173683632,
            "M_star_z": 0
        },
        {
            "mode": 9,
            "period": 0.028398849776206863,
            "mpr_x": 0.0,
            "mpr_z": 0.0,
            "gamma_x": 0,
            "gamma_z": 0,
            "phi_x": [
                8.778906393813815e-18,
                -4.382648984043329e-18,
                2.8560777063952237e-18,
                -1.5619860899751906e-18
            ],
            "phi_z": [
                4.170346426664486e-18,
                -2.9940854254306937e-18,
                1.094664801312705e-18,
                -2.11992441800341e-19
            ],
            "M_star_x": 0,
            "M_star_z": 0
        },
        {
            "mode": 10,
            "period": 0.026770202361909592,
            "mpr_x": 0.0,
            "mpr_z": 0.019304774741001333,
            "gamma_x": 0,
            "gamma_z": -122.93582938208198,
            "phi_x": [
                -7.967771819091534e-17,
                8.518934052334521e-17,
                -6.110100056415933e-17,
                2.1022987374710463e-17
            ],
            "phi_z": [
                -0.0013793164882203656,
                0.0014303255612953653,
                -0.0010216295127433307,
                0.0003424951864192562
            ],
            "M_star_x": 0,
            "M_star_z": 15113.21814586037
        },
        {
            "mode": 11,
            "period": 0.02666036307050701,
            "mpr_x": 0.016688684816423355,
            "mpr_z": 0.0,
            "gamma_x": -114.30287724371053,
            "gamma_z": 0,
            "phi_x": [
                -0.0013306407550794464,
                0.0014395349665567078,
                -0.0010628513561807354,
                0.0003699408812863904
            ],
            "phi_z": [
                1.4097904738234345e-19,
                -1.0264964278168119e-19,
                8.737775653900101e-20,
                -2.544620110914302e-20
            ],
            "M_star_x": 13065.14774619076,
            "M_star_z": 0
        },
        {
            "mode": 12,
            "period": 0.02092426912698471,
            "mpr_x": 0.0,
            "mpr_z": 0.0,
            "gamma_x": 0,
            "gamma_z": 0,
            "phi_x": [
                5.264760217634108e-19,
                1.942056187259063e-18,
                -3.631955127406349e-18,
                2.254482382727059e-18
            ],
            "phi_z": [
                3.4729240847700174e-19,
                -2.454763104093448e-19,
                5.300260296743363e-19,
                -4.838583767953133e-19
            ],