{
    "modal_properties": [
        {
            "mode": 1,
            "period": 0.5336586105691451,
            "mpr_x": 0.8046138749349975,
            "mpr_z": 0.0,
            "gamma_x": 1254.9021672680553,
            "gamma_z": 0,
            "phi_x": [
                0.00015420193882341205,
                0.0004293314561504834,
                0.0006968954739318493,
                0.0009025859799856738,
                0.0010228680315511921
            ],
            "phi_z": [
                -4.8158380416089087e-20,
                3.722481517588779e-19,
                -1.7022272236737813e-19,
                -2.5741844812091795e-19,
                -2.817940762200037e-19
            ],
            "M_star_x": 1574779.4494140623,
            "M_star_z": 0
        },
        {
            "mode": 2,
            "period": 0.5199026030787471,
            "mpr_x": 0.0,
            "mpr_z": 0.8059442132189725,
            "gamma_x": 0,
            "gamma_z": -1255.9391584001519,
            "phi_x": [
                3.966492513696229e-17,
                1.1025168496681655e-16,
                1.7852065958768027e-16,
                2.300591562228953e-16,
                2.5736400003048762e-16
            ],
            "phi_z": [
                -0.0001555886076307695,
                -0.000431229015452622,
                -0.0006981049626501816,
                -0.0009025006058793622,
                -0.0010211088771124525
            ],
            "M_star_x": 0,
            "M_star_z": 1577383.169602882
        },
        {
            "mode": 3,
            "period": 0.27819121886238907,
            "mpr_x": 0.0,
            "mpr_z": 0.0,
            "gamma_x": 0,
            "gamma_z": 0,
            "phi_x": [
                5.629491840944365e-18,
                8.97954783576256e-18,
                4.003769977866964e-18,
                -7.736986877632338e-19,
                -2.645271976485607e-18
            ],
            "phi_z": [
                -1.2240122868781753e-18,
                -2.265289894377598e-18,
                -2.973925480894768e-18,
                -1.8584060497459772e-18,
                -2.9039750908873697e-19
            ],
            "M_star_x": 0,
            "M_star_z": 0
        },
        {
            "mode": 4,
            "period": 0.15537781737396808,
            "mpr_x": 0.11480044423746721,
            "mpr_z": 0.0,
            "gamma_x": -474.0104268326944,
            "gamma_z": 0,
            "phi_x": [
                -0.0004973150420267599,
                -0.0009754791559546292,
                -0.0007350186127356743,
                9.925544054851214e-05,
                0.0008976088578694021
            ],
            "phi_z": [
                1.2294238494163095e-19,
                -5.949871541353028e-19,
                3.980014833080752e-19,
                4.125812499299808e-19,
                2.207155228738691e-19
            ],
            "M_star_x": 224685.88474611318,
            "M_star_z": 0
        },
        {
            "mode": 5,
            "period": 0.15193114963153803,
            "mpr_x": 0.0,
            "mpr_z": 0.11412317474122437,
            "gamma_x": 0,
            "gamma_z": -472.61013742954464,
            "phi_x": [
                -2.4124051439564187e-17,
                -4.648974112264815e-17,
                -3.308192098838743e-17,
                7.979659331347581e-18,
                4.139602465698122e-17
            ],
            "phi_z": [
                -0.0005000386020096327,
                -0.000976470755481532,
                -0.0007318177595472437,
                0.0001038419970573753,
                0.0008971139095164934
            ],
            "M_star_x": 0,
            "M_star_z": 223360.34200117306
        },
        {
            "mode": 6,
            "period": 0.08977650091034788,
            "mpr_x": 0.0,
            "mpr_z": 0.0,
            "gamma_x": 0,
            "gamma_z": 0,
            "phi_x": [
                -1.0037038090844753e-17,
                -4.9028558203308154e-18,
                1.0970023701524338e-17,
                6.8618688796180796e-18,
                -1.1359614040451644e-17
            ],
            "phi_z": [
                -2.3580722617704255e-18,
                -2.6551868319843165e-18,
                1.952184648771797e-18,
                2.980400250670253e-18,
                -5.26142120776614e-19
            ],
            "M_star_x": 0,
            "M_star_z": 0
        },
        {
            "mode": 7,
            "period": 0.07794222207427064,
            "mpr_x": 0.04855458311819065,
            "mpr_z": 0.0,
            "gamma_x": -308.2699737974534,
            "gamma_z": 0,
            "phi_x": [
                -0.0008378540490814885,
                -0.0006491668862421071,
                0.0006849825164539678,
                0.0007007812160458006,
                -0.0006862762458618546
            ],
            "phi_z": [
                1.814898131617405e-19,
                -2.8291960372267395e-19,
                2.5147095267829983e-19,
                2.0433500853689657e-19,
                -1.2061630322141463e-19
            ],
            "M_star_x": 95030.37674508261,
            "M_star_z": 0
        },
        {
            "mode": 8,
            "period": 0.07655376774160973,
            "mpr_x": 0.0,
            "mpr_z": 0.048213373945498336,
            "gamma_x": 0,
            "gamma_z": -307.1849064382607,
            "phi_x": [
                -1.957258830585593e-17,
                -1.437570591300704e-17,
                1.6704849454320162e-17,
                1.5078894605503408e-17,
                -1.2788062640961846e-17
            ],
            "phi_z": [
                -0.0008394704363624859,
                -0.0006445086706788114,
                0.0006895492637104712,
                0.0006973154407186625,
                -0.0006876470380543303
            ],
            "M_star_x": 0,
            "M_star_z": 94362.56674348298
        },
        {
            "mode": 9,
            "period": 0.05146430021334265,
            "mpr_x": 0.0,
            "mpr_z": 0.0,
            "gamma_x": 0,
            "gamma_z": 0,
            "phi_x": [
                2.4790485540697165e-17,
                -6.236647630405129e-18,
                -1.2337690352608094e-17,
                2.1393119112709006e-17,
                -9.909544344976261e-18
            ],
            "phi_z": [
                8.211238156354518e-18,
                -3.028979843756432e-18,
                -5.641761460843432e-18,
                8.19780250577805e-18,
                -3.4081430466302917e-18
            ],
            "M_star_x": 0,
            "M_star_z": 0
        },
        {
            "mode": 10,
            "period": 0.04821840607085051,
            "mpr_x": 0.024025769419134115,
            "mpr_z": 0.0,
            "gamma_x": 216.84767147609628,
            "gamma_z": 0,
            "phi_x": [
                0.001003231812702605,
                -0.0003999564940408444,
                -0.0005548165965072379,
                0.0009429233652265574,
                -0.00043740405165699017
            ],
            "phi_z": [
                -2.1988403479776054e-19,
                1.569007465586841e-19,
                -1.0192578456789998e-20,
                -6.563678306316438e-20,
                -5.4575034900931235e-21
            ],
            "M_star_x": 47022.912624605,
            "M_star_z": 0
        },
        {
            "mode": 11,
            "period": 0.047528344150557705,
            "mpr_x": 0.0,
            "mpr_z": 0.0238120029135483,
            "gamma_x": 0,
            "gamma_z": -215.88082753278792,
            "phi_x": [
                -2.816325163185492e-17,
                1.2420910694648965e-17,
                1.3977850404814213e-17,
                -2.645779715877109e-17,
                1.1907422055733786e-17
            ],