{
    "modal_properties": [
        {
            "mode": 1,
            "period": 0.3902856930098311,
            "mpr_x": 0.0,
            "mpr_z": 0.8371578646064571,
            "gamma_x": 0,
            "gamma_z": -549.9215199961313,
            "phi_x": [
                -1.2805680548601168e-17,
                -4.2308968458719445e-17,
                -7.770995279691674e-17,
                -1.0206117440214987e-16,
                -1.0814877358657216e-16
            ],
            "phi_z": [
                -0.00043240520040717286,
                -0.001127311563847897,
                -0.0016998372076395144,
                -0.002066913330262233,
                -0.002285144847630904
            ],
            "M_star_x": 0,
            "M_star_z": 302413.6781548555
        },
        {
            "mode": 2,
            "period": 0.36423163793596447,
            "mpr_x": 0.8391538447814176,
            "mpr_z": 0.0,
            "gamma_x": 550.5767004726763,
            "gamma_z": 0,
            "phi_x": [
                0.00044310443968549195,
                0.0011311324485989923,
                0.0016955866053229077,
                0.002062568905516974,
                0.0022882882804339455
            ],
            "phi_z": [
                -1.7842998688240996e-19,
                -7.948880237088277e-19,
                -1.5793617184149046e-18,
                -1.9442252557141587e-18,
                -1.9990211963560875e-18
            ],
            "M_star_x": 303134.7031033791,
            "M_star_z": 0
        },
        {
            "mode": 3,
            "period": 0.1148819408003851,
            "mpr_x": 0.0,
            "mpr_z": 0.09188769391556749,
            "gamma_x": 0,
            "gamma_z": 182.1904928064058,
            "phi_x": [
                -5.991933777331046e-18,
                -1.2419589665987954e-17,
                -9.251394048327646e-18,
                -4.91637699805576e-19,
                1.1661581560480573e-17
            ],
            "phi_z": [
                0.001261958555508047,
                0.002249149791558615,
                0.0015297955948296918,
                -0.00034396157112956616,
                -0.002175194597319393
            ],
            "M_star_x": 0,
            "M_star_z": 33193.37566904101
        },
        {
            "mode": 4,
            "period": 0.11105738487540633,
            "mpr_x": 0.0,
            "mpr_z": 0.0,
            "gamma_x": 0,
            "gamma_z": 0,
            "phi_x": [
                4.092254546252791e-17,
                7.399423107536075e-17,
                4.730985002190321e-17,
                -1.7808547985999044e-17,
                -7.695875204150519e-17
            ],
            "phi_z": [
                3.655854755445388e-17,
                6.207748098085142e-17,
                4.0092141857568274e-17,
                -1.1713463984135413e-17,
                -5.2271028943165125e-17
            ],
            "M_star_x": 0,
            "M_star_z": 0
        },
        {
            "mode": 5,
            "period": 0.10883133786237018,
            "mpr_x": 0.09310456229964549,
            "mpr_z": 0.0,
            "gamma_x": -183.3928990388574,
            "gamma_z": 0,
            "phi_x": [
                -0.0012939223269114364,
                -0.002251105406937865,
                -0.0015101710539429747,
                0.00034961892347734776,
                0.0021671892617453475
            ],
            "phi_z": [
                1.755324592369945e-18,
                3.0909587563215878e-18,
                2.7987040348785685e-18,
                -3.9144417112829363e-19,
                -3.887423836594603e-18
            ],
            "M_star_x": 33632.95541787653,
            "M_star_z": 0
        },
        {
            "mode": 6,
            "period": 0.06359849449815394,
            "mpr_x": 0.0,
            "mpr_z": 0.04364315180112045,
            "gamma_x": 0,
            "gamma_z": -125.56109307143937,
            "phi_x": [
                -3.143270220117013e-18,
                3.8450480544595915e-18,
                6.5111383498990156e-18,
                -1.2361695337592493e-19,
                -8.525047797304668e-18
            ],
            "phi_z": [
                -0.0020224673730775064,
                -0.001334051181919018,
                0.0016622764976289112,
                0.0015917083189653858,
                -0.001635391232364362
            ],
            "M_star_x": 0,
            "M_star_z": 15765.588093294658
        },
        {
            "mode": 7,
            "period": 0.06099849036209762,
            "mpr_x": 0.042229761810916436,
            "mpr_z": 0.0,
            "gamma_x": -123.51120260095543,
            "gamma_z": 0,
            "phi_x": [
                -0.0020482459065993327,
                -0.0012864979473570307,
                0.001690479017120375,
                0.0015690791542668488,
                -0.001634366201050434
            ],
            "phi_z": [
                9.307388792436727e-19,
                7.7782472097197035e-19,
                -3.8800173782917984e-19,
                -7.30884683851853e-19,
                4.498896043458943e-19
            ],
            "M_star_x": 15255.017167934262,
            "M_star_z": 0
        },
        {
            "mode": 8,
            "period": 0.041917194457147186,
            "mpr_x": 0.0,
            "mpr_z": 0.019997761605482476,
            "gamma_x": 0,
            "gamma_z": -84.99389417982943,
            "phi_x": [
                -4.767535244451608e-17,
                1.6901462854251418e-17,
                2.3223685449239674e-17,
                -4.05562637049976e-17,
                2.0250813548286532e-17
            ],
            "phi_z": [
                -0.0022201124008775198,
                0.0010066298799044917,
                0.00129232158621244,
                -0.0022770447787890985,
                0.0010217822893463333
            ],
            "M_star_x": 0,
            "M_star_z": 7223.962047852042
        },
        {
            "mode": 9,
            "period": 0.04089368131088687,
            "mpr_x": 0.018797385123420184,
            "mpr_z": 0.0,
            "gamma_x": 82.4035181863759,
            "gamma_z": 0,
            "phi_x": [
                0.002204889433633597,
                -0.001063652107362747,
                -0.0012537602095773152,
                0.002283552731990173,
                -0.0010304605175960923
            ],
            "phi_z": [
                2.30860549737789e-18,
                -1.0734665843730908e-18,
                -1.3797976485894863e-18,
                2.4402288618336934e-18,
                -1.2005028205987436e-18
            ],
            "M_star_x": 6790.339809492383,
            "M_star_z": 0
        },
        {
            "mode": 10,
            "period": 0.03813372415387665,
            "mpr_x": 0.0,
            "mpr_z": 0.0,
            "gamma_x": 0,
            "gamma_z": 0,
            "phi_x": [
                -2.3681780329864477e-17,
                1.367190523515006e-17,
                9.474957976691104e-18,
                -1.8813316730017533e-17,
                8.667418510857037e-18
            ],
            "phi_z": [
                2.6206226737339914e-17,
                -1.587048075020946e-17,
                9.710448929696796e-18,
                -1.2104051430823801e-17,
                6.6415396013810844e-18
            ],
            "M_star_x": 0,
            "M_star_z": 0
        },
        {
            "mode": 11,
            "period": 0.032061193558366535,
            "mpr_x": 0.0,
            "mpr_z": 0.007313528071369129,
            "gamma_x": 0,
            "gamma_z": -51.39969012598553,