sample_count,gen_time_est,train_time,total_time_est,test_loss,test_r2,train_loss_final,val_loss_best
50,3000.0,18.053723335266113,3018.053723335266,0.16712523996829987,0.8540159463882446,0.27615758776664734,0.12307364866137505
100,6000.0,37.53866004943848,6037.5386600494385,0.2735969324906667,0.7852028608322144,0.23557969431082407,0.1964086095492045
150,9000.0,56.65546917915344,9056.655469179153,0.21092921495437622,0.8212417364120483,0.19787744184335074,0.1734943389892578
200,12000.0,71.82218718528748,12071.822187185287,0.15920129977166653,0.8196459412574768,0.1690818884155967,0.16483677737414837
250,15000.0,75.94188189506531,15075.941881895065,0.15663470029830934,0.8206120729446411,0.21023981521526972,0.17822884619235993
300,18000.0,90.60222792625427,18090.602227926254,0.1874704599380493,0.8106657266616821,0.20035350642033986,0.1998797059059143
