{
    "modal_properties": [
        {
            "mode": 1,
            "period": 0.3514457522727444,
            "mpr_x": 0.8073265488506509,
            "mpr_z": 0.0,
            "gamma_x": 769.7618117722278,
            "gamma_z": 0,
            "phi_x": [
                0.0002515688398403329,
                0.0007123451145114063,
                0.001149428778007348,
                0.001465139378887932,
                0.0016655202314512848
            ],
            "phi_z": [
                5.755495603608196e-20,
                -7.494673634346968e-19,
                -1.0891325936588818e-18,
                -1.4043538423092669e-18,
                -1.3246456539387908e-18
            ],
            "M_star_x": 592533.246862863,
            "M_star_z": 0
        },
        {
            "mode": 2,
            "period": 0.3067738224284851,
            "mpr_x": 0.0,
            "mpr_z": 0.8157361223208693,
            "gamma_x": 0,
            "gamma_z": -773.760564307656,
            "phi_x": [
                5.583416998153093e-17,
                1.4489892167438685e-16,
                2.342652640134721e-16,
                3.3393257715996246e-16,
                3.673024784160611e-16
            ],
            "phi_z": [
                -0.00026785668968813654,
                -0.0007307949692369447,
                -0.001159921372030276,
                -0.0014643731286460731,
                -0.0016482976847444761
            ],
            "M_star_x": 0,
            "M_star_z": 598705.4108777022
        },
        {
            "mode": 3,
            "period": 0.13922766437622724,
            "mpr_x": 0.0,
            "mpr_z": 0.0,
            "gamma_x": 0,
            "gamma_z": 0,
            "phi_x": [
                -2.4795978632261978e-18,
                -7.490405764565678e-18,
                -1.6039507221454197e-18,
                5.5629655849672146e-18,
                -8.53938072546825e-18
            ],
            "phi_z": [
                8.139616907034288e-18,
                1.3775881859012317e-17,
                1.6984357236323266e-17,
                6.8740748342036685e-18,
                -1.3665594487421779e-18
            ],
            "M_star_x": 0,
            "M_star_z": 0
        },
        {
            "mode": 4,
            "period": 0.10160898834175383,
            "mpr_x": 0.1055986607852336,
            "mpr_z": 0.0,
            "gamma_x": 278.3946914832303,
            "gamma_z": 0,
            "phi_x": [
                0.0007612322734252125,
                0.0015440032157605075,
                0.0012211632196260885,
                -9.74012242184118e-05,
                -0.0015324336488638898
            ],
            "phi_z": [
                -3.538239785954694e-19,
                -6.905884675791803e-19,
                -3.6515703287965217e-19,
                5.3285881000410794e-20,
                9.489116793177862e-19
            ],
            "M_star_x": 77503.60424604299,
            "M_star_z": 0
        },
        {
            "mode": 5,
            "period": 0.09080187034524116,
            "mpr_x": 0.0,
            "mpr_z": 0.10395066003812306,
            "gamma_x": 0,
            "gamma_z": 276.21379837600676,
            "phi_x": [
                3.684271812247168e-17,
                5.334280986209763e-17,
                1.7436909585237124e-17,
                -1.1038398825667384e-17,
                -3.8023104593129e-18
            ],
            "phi_z": [
                0.000809103824454149,
                0.0015688448096393822,
                0.0011784106600778326,
                -0.00016438721166016275,
                -0.0015102655810746545
            ],
            "M_star_x": 0,
            "M_star_z": 76294.06241330132
        },
        {
            "mode": 6,
            "period": 0.05154942026998121,
            "mpr_x": 0.05093587593166275,
            "mpr_z": 0.0,
            "gamma_x": -193.34975853141407,
            "gamma_z": 0,
            "phi_x": [
                -0.001316251705796635,
                -0.0011562733528070843,
                0.0010107908346914329,
                0.0012365008976470192,
                -0.0010919619037299915
            ],
            "phi_z": [
                1.0070257975454145e-18,
                4.580064157661495e-19,
                -4.0220149584513433e-19,
                -4.604477505591968e-19,
                3.736335457118655e-19
            ],
            "M_star_x": 37384.12912415614,
            "M_star_z": 0
        },
        {
            "mode": 7,
            "period": 0.04776668111568822,
            "mpr_x": 0.0,
            "mpr_z": 0.047475033049341114,
            "gamma_x": 0,
            "gamma_z": 186.6656394563414,
            "phi_x": [
                5.873552875505098e-17,
                5.890945671312015e-17,
                -4.062901597293874e-17,
                -7.769806178508798e-17,
                5.969032526021879e-17
            ],
            "phi_z": [
                0.0013427571857887654,
                0.0010833063293410725,
                -0.0010953389330830023,
                -0.0011772342529352004,
                0.001118169339684691
            ],
            "M_star_x": 0,
            "M_star_z": 34844.06095364485
        },
        {
            "mode": 8,
            "period": 0.046025537561834626,
            "mpr_x": 0.0,
            "mpr_z": 0.0,
            "gamma_x": 0,
            "gamma_z": 0,
            "phi_x": [
                5.881245625091806e-17,
                3.4569890566800204e-17,
                -3.992161113069696e-17,
                -1.5662540859499708e-17,
                2.0691381504678145e-17
            ],
            "phi_z": [
                -2.4942193774856983e-17,
                -3.093587656062717e-17,
                2.7114809534409965e-17,
                1.4624067295351934e-17,
                -2.019788255359462e-17
            ],
            "M_star_x": 0,
            "M_star_z": 0
        },
        {
            "mode": 9,
            "period": 0.03152878192971956,
            "mpr_x": 0.024937732331835334,
            "mpr_z": 0.0,
            "gamma_x": -135.28829517868945,
            "gamma_z": 0,
            "phi_x": [
                -0.0015757594553532533,
                0.0004586247922388375,
                0.0011050891778375958,
                -0.001569305544642786,
                0.0006596995190147839
            ],
            "phi_z": [
                7.947902584125521e-19,
                -3.1682499158237174e-19,
                -3.91755745686832e-19,
                1.1307728458348863e-18,
                -4.888365185677894e-19
            ],
            "M_star_x": 18302.922812356206,
            "M_star_z": 0
        },
        {
            "mode": 10,
            "period": 0.030235430657605263,
            "mpr_x": 0.0,
            "mpr_z": 0.022644542612937232,
            "gamma_x": 0,
            "gamma_z": 128.91798861800368,
            "phi_x": [
                2.0216604494519937e-16,
                -7.58995856990575e-17,
                -1.162635276563883e-16,
                1.8856872466363204e-16,
                -8.607106364676326e-17
            ],
            "phi_z": [
                0.0015555707281423292,
                -0.0005273010001660975,
                -0.0010420895207875838,
                0.001592946806951268,
                -0.0007008732166797657
            ],
            "M_star_x": 0,
            "M_star_z": 16619.847789311727
        },
        {
            "mode": 11,
            "period": 0.027464514090794517,
            "mpr_x": 0.0,
            "mpr_z": 0.0,
            "gamma_x": 0,
            "gamma_z": 0,
            "phi_x": [
                8.478616169713546e-18,
                4.390962647299863e-18,
                -4.772207282627083e-18,
                -1.457690286297773e-17,
                3.0777007943333048e-18
            ],